{
  "system": "CrossLang",
  "precision": 1.0,
  "recall": 0.93,
  "f1": 0.9637,
  "fpr": 0.0,
  "auc": 1.0,
  "bootstrap_ci": {
    "precision": {
      "mean": 1.0,
      "ci_lo": 1.0,
      "ci_hi": 1.0
    },
    "recall": {
      "mean": 0.9307979679274173,
      "ci_lo": 0.8761904761904762,
      "ci_hi": 0.9764705882352941
    },
    "f1": {
      "mean": 0.9639742774731581,
      "ci_lo": 0.934010152284264,
      "ci_hi": 0.988095238095238
    },
    "fpr": {
      "mean": 0.0,
      "ci_lo": 0.0,
      "ci_hi": 0.0
    },
    "auc": {
      "mean": 1.0,
      "ci_lo": 1.0,
      "ci_hi": 1.0
    }
  }
}