{
  "system": "MalOSS",
  "precision": 1.0,
  "recall": 0.95,
  "f1": 0.9744,
  "fpr": 0.0,
  "auc": 0.9998,
  "bootstrap_ci": {
    "precision": {
      "mean": 1.0,
      "ci_lo": 1.0,
      "ci_hi": 1.0
    },
    "recall": {
      "mean": 0.9491221472917765,
      "ci_lo": 0.9021739130434783,
      "ci_hi": 0.9895833333333334
    },
    "f1": {
      "mean": 0.973765833174406,
      "ci_lo": 0.9485714285714286,
      "ci_hi": 0.9947643979057591
    },
    "fpr": {
      "mean": 0.0,
      "ci_lo": 0.0,
      "ci_hi": 0.0
    },
    "auc": {
      "mean": 0.9998115711472565,
      "ci_lo": 0.9993403875223307,
      "ci_hi": 1.0
    }
  }
}