{
  "A_full": {
    "f1": 1.0,
    "precision": 1.0,
    "recall": 1.0,
    "fpr": 0.0,
    "auc_roc": 1.0,
    "pr_auc": 1.0,
    "weights": [
      0.0,
      0.7,
      0.3
    ]
  },
  "B_meta_beh": {
    "f1": 0.3515625,
    "precision": 1.0,
    "recall": 0.2132701421800948,
    "fpr": 0.0,
    "auc_roc": 1.0,
    "pr_auc": 1.0000000000000002,
    "weights": [
      0.5,
      0.0,
      0.5
    ]
  },
  "C_meta_sem": {
    "f1": 1.0,
    "precision": 1.0,
    "recall": 1.0,
    "fpr": 0.0,
    "auc_roc": 1.0,
    "pr_auc": 1.0000000000000002,
    "weights": [
      0.5,
      0.5,
      0.0
    ]
  },
  "D_meta": {
    "f1": 1.0,
    "precision": 1.0,
    "recall": 1.0,
    "fpr": 0.0,
    "auc_roc": 1.0,
    "pr_auc": 1.0000000000000002,
    "weights": [
      1.0,
      0.0,
      0.0
    ]
  },
  "E_sem": {
    "f1": 0.6156090444930707,
    "precision": 0.4446786090621707,
    "recall": 1.0,
    "fpr": 0.3577732518669382,
    "auc_roc": 1.0,
    "pr_auc": 1.0,
    "weights": [
      0.0,
      1.0,
      0.0
    ]
  },
  "F_beh": {
    "f1": 0.0,
    "precision": 0.0,
    "recall": 0.0,
    "fpr": 0.0,
    "auc_roc": 0.6516587677725119,
    "pr_auc": 0.45846265427853294,
    "weights": [
      0.0,
      0.0,
      1.0
    ]
  }
}