{
  "A_full": {
    "f1": 1.0,
    "precision": 1.0,
    "recall": 1.0,
    "fpr": 0.0,
    "auc_roc": 1.0,
    "pr_auc": 0.9999999999999999,
    "weights": [
      0.0,
      0.7,
      0.3
    ]
  },
  "B_meta_beh": {
    "f1": 0.0,
    "precision": 0.0,
    "recall": 0.0,
    "fpr": 0.0,
    "auc_roc": 1.0,
    "pr_auc": 0.9999999999999999,
    "weights": [
      0.5,
      0.0,
      0.5
    ]
  },
  "C_meta_sem": {
    "f1": 1.0,
    "precision": 1.0,
    "recall": 1.0,
    "fpr": 0.0,
    "auc_roc": 1.0,
    "pr_auc": 0.9999999999999999,
    "weights": [
      0.5,
      0.5,
      0.0
    ]
  },
  "D_meta": {
    "f1": 1.0,
    "precision": 1.0,
    "recall": 1.0,
    "fpr": 0.0,
    "auc_roc": 1.0,
    "pr_auc": 0.9999999999999999,
    "weights": [
      1.0,
      0.0,
      0.0
    ]
  },
  "E_sem": {
    "f1": 0.6920152091254753,
    "precision": 0.5290697674418605,
    "recall": 1.0,
    "fpr": 0.39036144578313253,
    "auc_roc": 1.0,
    "pr_auc": 0.9999999999999999,
    "weights": [
      0.0,
      1.0,
      0.0
    ]
  },
  "F_beh": {
    "f1": 0.0,
    "precision": 0.0,
    "recall": 0.0,
    "fpr": 0.0,
    "auc_roc": 0.5,
    "pr_auc": 0.304857621440536,
    "weights": [
      0.0,
      0.0,
      1.0
    ]
  }
}