{
  "npm_to_pypi": {
    "f1": 0.9887640449438202,
    "precision": 1.0,
    "recall": 0.9777777777777777,
    "fpr": 0.0,
    "auc_roc": 1.0,
    "pr_auc": 0.9999999999999999
  },
  "pypi_to_npm": {
    "f1": 0.9792746113989638,
    "precision": 1.0,
    "recall": 0.9593908629441624,
    "fpr": 0.0,
    "auc_roc": 1.0,
    "pr_auc": 1.0
  }
}