{
  "npm_to_pypi": {
    "f1": 0.967032967032967,
    "precision": 1.0,
    "recall": 0.9361702127659575,
    "fpr": 0.0,
    "auc_roc": 1.0,
    "pr_auc": 0.9999999999999998
  },
  "pypi_to_npm": {
    "f1": 0.9826589595375722,
    "precision": 1.0,
    "recall": 0.9659090909090909,
    "fpr": 0.0,
    "auc_roc": 1.0,
    "pr_auc": 0.9999999999999999
  }
}