{
  "0.00,0.00,1.00": 0.0,
  "0.00,0.05,0.95": 0.0,
  "0.00,0.10,0.90": 0.0,
  "0.00,0.15,0.85": 0.0,
  "0.00,0.20,0.80": 0.0,
  "0.00,0.25,0.75": 0.0,
  "0.00,0.30,0.70": 0.0,
  "0.00,0.35,0.65": 0.0,
  "0.00,0.40,0.60": 0.0,
  "0.00,0.45,0.55": 0.014150943396226415,
  "0.00,0.50,0.50": 0.09932279909706546,
  "0.00,0.55,0.45": 0.19313304721030042,
  "0.00,0.60,0.40": 0.5407279029462738,
  "0.00,0.65,0.35": 0.8337950138504155,
  "0.00,0.70,0.30": 1.0,
  "0.00,0.75,0.25": 1.0,
  "0.00,0.80,0.20": 1.0,
  "0.00,0.85,0.15": 1.0,
  "0.00,0.90,0.10": 1.0,
  "0.00,0.95,0.05": 0.8003802281368821,
  "0.00,1.00,0.00": 0.6066282420749279,
  "0.05,0.00,0.95": 0.0,
  "0.05,0.05,0.90": 0.0,
  "0.05,0.10,0.85": 0.0,
  "0.05,0.15,0.80": 0.0,
  "0.05,0.20,0.75": 0.0,
  "0.05,0.25,0.70": 0.0,
  "0.05,0.30,0.65": 0.0,
  "0.05,0.35,0.60": 0.0,
  "0.05,0.40,0.55": 0.023474178403755867,
  "0.05,0.45,0.50": 0.12053571428571429,
  "0.05,0.50,0.45": 0.2046908315565032,
  "0.05,0.55,0.40": 0.5752961082910322,
  "0.05,0.60,0.35": 0.8906455862977603,
  "0.05,0.65,0.30": 1.0,
  "0.05,0.70,0.25": 1.0,
  "0.05,0.75,0.20": 1.0,
  "0.05,0.80,0.15": 1.0,
  "0.05,0.85,0.10": 1.0,
  "0.05,0.90,0.05": 1.0,
  "0.05,0.95,0.00": 0.8003802281368821,
  "0.10,0.00,0.90": 0.0,
  "0.10,0.05,0.85": 0.0,
  "0.10,0.10,0.80": 0.0,
  "0.10,0.15,0.75": 0.0,
  "0.10,0.20,0.70": 0.0,
  "0.10,0.25,0.65": 0.0,
  "0.10,0.30,0.60": 0.0,
  "0.10,0.35,0.55": 0.02810304449648712,
  "0.10,0.40,0.50": 0.1288888888888889,
  "0.10,0.45,0.45": 0.22736842105263158,
  "0.10,0.50,0.40": 0.6196721311475409,
  "0.10,0.55,0.35": 0.9328263624841572,
  "0.10,0.60,0.30": 1.0,
  "0.10,0.65,0.25": 1.0,
  "0.10,0.70,0.20": 1.0,
  "0.10,0.75,0.15": 1.0,
  "0.10,0.80,0.10": 1.0,
  "0.10,0.85,0.05": 1.0,
  "0.10,0.90,0.00": 1.0,
  "0.15,0.00,0.85": 0.0,
  "0.15,0.05,0.80": 0.0,
  "0.15,0.10,0.75": 0.0,
  "0.15,0.15,0.70": 0.0,
  "0.15,0.20,0.65": 0.0,
  "0.15,0.25,0.60": 0.0,
  "0.15,0.30,0.55": 0.05092592592592592,
  "0.15,0.35,0.50": 0.15350877192982457,
  "0.15,0.40,0.45": 0.25311203319502074,
  "0.15,0.45,0.40": 0.684375,
  "0.15,0.50,0.35": 0.9793939393939394,
  "0.15,0.55,0.30": 1.0,
  "0.15,0.60,0.25": 1.0,
  "0.15,0.65,0.20": 1.0,
  "0.15,0.70,0.15": 1.0,
  "0.15,0.75,0.10": 1.0,
  "0.15,0.80,0.05": 1.0,
  "0.15,0.85,0.00": 1.0,
  "0.20,0.00,0.80": 0.0,
  "0.20,0.05,0.75": 0.0,
  "0.20,0.10,0.70": 0.0,
  "0.20,0.15,0.65": 0.0,
  "0.20,0.20,0.60": 0.0,
  "0.20,0.25,0.55": 0.06880733944954129,
  "0.20,0.30,0.50": 0.18142548596112312,
  "0.20,0.35,0.45": 0.2886178861788618,
  "0.20,0.40,0.40": 0.7544378698224852,
  "0.20,0.45,0.35": 1.0,
  "0.20,0.50,0.30": 1.0,
  "0.20,0.55,0.25": 1.0,
  "0.20,0.60,0.20": 1.0,
  "0.20,0.65,0.15": 1.0,
  "0.20,0.70,0.10": 1.0,
  "0.20,0.75,0.05": 1.0,
  "0.20,0.80,0.00": 1.0,
  "0.25,0.00,0.75": 0.0,
  "0.25,0.05,0.70": 0.0,
  "0.25,0.10,0.65": 0.0,
  "0.25,0.15,0.60": 0.0,
  "0.25,0.20,0.55": 0.1036036036036036,
  "0.25,0.25,0.50": 0.18142548596112312,
  "0.25,0.30,0.45": 0.3058350100603622,
  "0.25,0.35,0.40": 0.8174157303370787,
  "0.25,0.40,0.35": 1.0,
  "0.25,0.45,0.30": 1.0,
  "0.25,0.50,0.25": 1.0,
  "0.25,0.55,0.20": 1.0,
  "0.25,0.60,0.15": 1.0,
  "0.25,0.65,0.10": 1.0,
  "0.25,0.70,0.05": 1.0,
  "0.25,0.75,0.00": 1.0,
  "0.30,0.00,0.70": 0.0,
  "0.30,0.05,0.65": 0.0,
  "0.30,0.10,0.60": 0.0,
  "0.30,0.15,0.55": 0.141280353200883,
  "0.30,0.20,0.50": 0.1853448275862069,
  "0.30,0.25,0.45": 0.3326732673267327,
  "0.30,0.30,0.40": 0.89501312335958,
  "0.30,0.35,0.35": 1.0,
  "0.30,0.40,0.30": 1.0,
  "0.30,0.45,0.25": 1.0,
  "0.30,0.50,0.20": 1.0,
  "0.30,0.55,0.15": 1.0,
  "0.30,0.60,0.10": 1.0,
  "0.30,0.65,0.05": 1.0,
  "0.30,0.70,0.00": 1.0,
  "0.35,0.00,0.65": 0.0,
  "0.35,0.05,0.60": 0.0,
  "0.35,0.10,0.55": 0.18142548596112312,
  "0.35,0.15,0.50": 0.19313304721030042,
  "0.35,0.20,0.45": 0.3359683794466403,
  "0.35,0.25,0.40": 0.9793939393939394,
  "0.35,0.30,0.35": 1.0,
  "0.35,0.35,0.30": 1.0,
  "0.35,0.40,0.25": 1.0,
  "0.35,0.45,0.20": 1.0,
  "0.35,0.50,0.15": 1.0,
  "0.35,0.55,0.10": 1.0,
  "0.35,0.60,0.05": 1.0,
  "0.35,0.65,0.00": 1.0,
  "0.40,0.00,0.60": 0.0,
  "0.40,0.05,0.55": 0.18142548596112312,
  "0.40,0.10,0.50": 0.21987315010570824,
  "0.40,0.15,0.45": 0.36186770428015563,
  "0.40,0.20,0.40": 1.0,
  "0.40,0.25,0.35": 1.0,
  "0.40,0.30,0.30": 1.0,
  "0.40,0.35,0.25": 1.0,
  "0.40,0.40,0.20": 1.0,
  "0.40,0.45,0.15": 1.0,
  "0.40,0.50,0.10": 1.0,
  "0.40,0.55,0.05": 1.0,
  "0.40,0.60,0.00": 1.0,
  "0.45,0.00,0.55": 0.18142548596112312,
  "0.45,0.05,0.50": 0.3092369477911647,
  "0.45,0.10,0.45": 0.40831758034026466,
  "0.45,0.15,0.40": 1.0,
  "0.45,0.20,0.35": 1.0,
  "0.45,0.25,0.30": 1.0,
  "0.45,0.30,0.25": 1.0,
  "0.45,0.35,0.20": 1.0,
  "0.45,0.40,0.15": 1.0,
  "0.45,0.45,0.10": 1.0,
  "0.45,0.50,0.05": 1.0,
  "0.45,0.55,0.00": 1.0,
  "0.50,0.00,0.50": 0.316,
  "0.50,0.05,0.45": 0.4349442379182156,
  "0.50,0.10,0.40": 1.0,
  "0.50,0.15,0.35": 1.0,
  "0.50,0.20,0.30": 1.0,
  "0.50,0.25,0.25": 1.0,
  "0.50,0.30,0.20": 1.0,
  "0.50,0.35,0.15": 1.0,
  "0.50,0.40,0.10": 1.0,
  "0.50,0.45,0.05": 1.0,
  "0.50,0.50,0.00": 1.0,
  "0.55,0.00,0.45": 0.4349442379182156,
  "0.55,0.05,0.40": 1.0,
  "0.55,0.10,0.35": 1.0,
  "0.55,0.15,0.30": 1.0,
  "0.55,0.20,0.25": 1.0,
  "0.55,0.25,0.20": 1.0,
  "0.55,0.30,0.15": 1.0,
  "0.55,0.35,0.10": 1.0,
  "0.55,0.40,0.05": 1.0,
  "0.55,0.45,0.00": 1.0,
  "0.60,0.00,0.40": 1.0,
  "0.60,0.05,0.35": 1.0,
  "0.60,0.10,0.30": 1.0,
  "0.60,0.15,0.25": 1.0,
  "0.60,0.20,0.20": 1.0,
  "0.60,0.25,0.15": 1.0,
  "0.60,0.30,0.10": 1.0,
  "0.60,0.35,0.05": 1.0,
  "0.60,0.40,0.00": 1.0,
  "0.65,0.00,0.35": 1.0,
  "0.65,0.05,0.30": 1.0,
  "0.65,0.10,0.25": 1.0,
  "0.65,0.15,0.20": 1.0,
  "0.65,0.20,0.15": 1.0,
  "0.65,0.25,0.10": 1.0,
  "0.65,0.30,0.05": 1.0,
  "0.65,0.35,0.00": 1.0,
  "0.70,0.00,0.30": 1.0,
  "0.70,0.05,0.25": 1.0,
  "0.70,0.10,0.20": 1.0,
  "0.70,0.15,0.15": 1.0,
  "0.70,0.20,0.10": 1.0,
  "0.70,0.25,0.05": 1.0,
  "0.70,0.30,0.00": 1.0,
  "0.75,0.00,0.25": 1.0,
  "0.75,0.05,0.20": 1.0,
  "0.75,0.10,0.15": 1.0,
  "0.75,0.15,0.10": 1.0,
  "0.75,0.20,0.05": 1.0,
  "0.75,0.25,0.00": 1.0,
  "0.80,0.00,0.20": 1.0,
  "0.80,0.05,0.15": 1.0,
  "0.80,0.10,0.10": 1.0,
  "0.80,0.15,0.05": 1.0,
  "0.80,0.20,0.00": 1.0,
  "0.85,0.00,0.15": 1.0,
  "0.85,0.05,0.10": 1.0,
  "0.85,0.10,0.05": 1.0,
  "0.85,0.15,0.00": 1.0,
  "0.90,0.00,0.10": 1.0,
  "0.90,0.05,0.05": 1.0,
  "0.90,0.10,0.00": 1.0,
  "0.95,0.00,0.05": 1.0,
  "0.95,0.05,0.00": 1.0,
  "1.00,0.00,0.00": 1.0
}