{
  "0.00,0.00,1.00": 0.0,
  "0.00,0.05,0.95": 0.0,
  "0.00,0.10,0.90": 0.0,
  "0.00,0.15,0.85": 0.0,
  "0.00,0.20,0.80": 0.0,
  "0.00,0.25,0.75": 0.0,
  "0.00,0.30,0.70": 0.0,
  "0.00,0.35,0.65": 0.0,
  "0.00,0.40,0.60": 0.0,
  "0.00,0.45,0.55": 0.0,
  "0.00,0.50,0.50": 0.0,
  "0.00,0.55,0.45": 0.0,
  "0.00,0.60,0.40": 0.3722943722943723,
  "0.00,0.65,0.35": 0.7948717948717948,
  "0.00,0.70,0.30": 1.0,
  "0.00,0.75,0.25": 1.0,
  "0.00,0.80,0.20": 1.0,
  "0.00,0.85,0.15": 1.0,
  "0.00,0.90,0.10": 1.0,
  "0.00,0.95,0.05": 0.8430493273542601,
  "0.00,1.00,0.00": 0.7001862197392924,
  "0.05,0.00,0.95": 0.0,
  "0.05,0.05,0.90": 0.0,
  "0.05,0.10,0.85": 0.0,
  "0.05,0.15,0.80": 0.0,
  "0.05,0.20,0.75": 0.0,
  "0.05,0.25,0.70": 0.0,
  "0.05,0.30,0.65": 0.0,
  "0.05,0.35,0.60": 0.0,
  "0.05,0.40,0.55": 0.0,
  "0.05,0.45,0.50": 0.0,
  "0.05,0.50,0.45": 0.0,
  "0.05,0.55,0.40": 0.43333333333333335,
  "0.05,0.60,0.35": 0.8359133126934984,
  "0.05,0.65,0.30": 1.0,
  "0.05,0.70,0.25": 1.0,
  "0.05,0.75,0.20": 1.0,
  "0.05,0.80,0.15": 1.0,
  "0.05,0.85,0.10": 1.0,
  "0.05,0.90,0.05": 1.0,
  "0.05,0.95,0.00": 0.8430493273542601,
  "0.10,0.00,0.90": 0.0,
  "0.10,0.05,0.85": 0.0,
  "0.10,0.10,0.80": 0.0,
  "0.10,0.15,0.75": 0.0,
  "0.10,0.20,0.70": 0.0,
  "0.10,0.25,0.65": 0.0,
  "0.10,0.30,0.60": 0.0,
  "0.10,0.35,0.55": 0.0,
  "0.10,0.40,0.50": 0.0,
  "0.10,0.45,0.45": 0.0,
  "0.10,0.50,0.40": 0.5196850393700787,
  "0.10,0.55,0.35": 0.9005847953216374,
  "0.10,0.60,0.30": 1.0,
  "0.10,0.65,0.25": 1.0,
  "0.10,0.70,0.20": 1.0,
  "0.10,0.75,0.15": 1.0,
  "0.10,0.80,0.10": 1.0,
  "0.10,0.85,0.05": 1.0,
  "0.10,0.90,0.00": 1.0,
  "0.15,0.00,0.85": 0.0,
  "0.15,0.05,0.80": 0.0,
  "0.15,0.10,0.75": 0.0,
  "0.15,0.15,0.70": 0.0,
  "0.15,0.20,0.65": 0.0,
  "0.15,0.25,0.60": 0.0,
  "0.15,0.30,0.55": 0.0,
  "0.15,0.35,0.50": 0.0,
  "0.15,0.40,0.45": 0.0,
  "0.15,0.45,0.40": 0.5917602996254682,
  "0.15,0.50,0.35": 0.9555555555555556,
  "0.15,0.55,0.30": 1.0,
  "0.15,0.60,0.25": 1.0,
  "0.15,0.65,0.20": 1.0,
  "0.15,0.70,0.15": 1.0,
  "0.15,0.75,0.10": 1.0,
  "0.15,0.80,0.05": 1.0,
  "0.15,0.85,0.00": 1.0,
  "0.20,0.00,0.80": 0.0,
  "0.20,0.05,0.75": 0.0,
  "0.20,0.10,0.70": 0.0,
  "0.20,0.15,0.65": 0.0,
  "0.20,0.20,0.60": 0.0,
  "0.20,0.25,0.55": 0.0,
  "0.20,0.30,0.50": 0.0,
  "0.20,0.35,0.45": 0.0,
  "0.20,0.40,0.40": 0.6853146853146853,
  "0.20,0.45,0.35": 1.0,
  "0.20,0.50,0.30": 1.0,
  "0.20,0.55,0.25": 1.0,
  "0.20,0.60,0.20": 1.0,
  "0.20,0.65,0.15": 1.0,
  "0.20,0.70,0.10": 1.0,
  "0.20,0.75,0.05": 1.0,
  "0.20,0.80,0.00": 1.0,
  "0.25,0.00,0.75": 0.0,
  "0.25,0.05,0.70": 0.0,
  "0.25,0.10,0.65": 0.0,
  "0.25,0.15,0.60": 0.0,
  "0.25,0.20,0.55": 0.0,
  "0.25,0.25,0.50": 0.0,
  "0.25,0.30,0.45": 0.0,
  "0.25,0.35,0.40": 0.7508305647840532,
  "0.25,0.40,0.35": 1.0,
  "0.25,0.45,0.30": 1.0,
  "0.25,0.50,0.25": 1.0,
  "0.25,0.55,0.20": 1.0,
  "0.25,0.60,0.15": 1.0,
  "0.25,0.65,0.10": 1.0,
  "0.25,0.70,0.05": 1.0,
  "0.25,0.75,0.00": 1.0,
  "0.30,0.00,0.70": 0.0,
  "0.30,0.05,0.65": 0.0,
  "0.30,0.10,0.60": 0.0,
  "0.30,0.15,0.55": 0.0,
  "0.30,0.20,0.50": 0.0,
  "0.30,0.25,0.45": 0.0,
  "0.30,0.30,0.40": 0.8359133126934984,
  "0.30,0.35,0.35": 1.0,
  "0.30,0.40,0.30": 1.0,
  "0.30,0.45,0.25": 1.0,
  "0.30,0.50,0.20": 1.0,
  "0.30,0.55,0.15": 1.0,
  "0.30,0.60,0.10": 1.0,
  "0.30,0.65,0.05": 1.0,
  "0.30,0.70,0.00": 1.0,
  "0.35,0.00,0.65": 0.0,
  "0.35,0.05,0.60": 0.0,
  "0.35,0.10,0.55": 0.0,
  "0.35,0.15,0.50": 0.0,
  "0.35,0.20,0.45": 0.0,
  "0.35,0.25,0.40": 0.9555555555555556,
  "0.35,0.30,0.35": 1.0,
  "0.35,0.35,0.30": 1.0,
  "0.35,0.40,0.25": 1.0,
  "0.35,0.45,0.20": 1.0,
  "0.35,0.50,0.15": 1.0,
  "0.35,0.55,0.10": 1.0,
  "0.35,0.60,0.05": 1.0,
  "0.35,0.65,0.00": 1.0,
  "0.40,0.00,0.60": 0.0,
  "0.40,0.05,0.55": 0.0,
  "0.40,0.10,0.50": 0.0,
  "0.40,0.15,0.45": 0.0,
  "0.40,0.20,0.40": 1.0,
  "0.40,0.25,0.35": 1.0,
  "0.40,0.30,0.30": 1.0,
  "0.40,0.35,0.25": 1.0,
  "0.40,0.40,0.20": 1.0,
  "0.40,0.45,0.15": 1.0,
  "0.40,0.50,0.10": 1.0,
  "0.40,0.55,0.05": 1.0,
  "0.40,0.60,0.00": 1.0,
  "0.45,0.00,0.55": 0.0,
  "0.45,0.05,0.50": 0.0,
  "0.45,0.10,0.45": 0.0,
  "0.45,0.15,0.40": 1.0,
  "0.45,0.20,0.35": 1.0,
  "0.45,0.25,0.30": 1.0,
  "0.45,0.30,0.25": 1.0,
  "0.45,0.35,0.20": 1.0,
  "0.45,0.40,0.15": 1.0,
  "0.45,0.45,0.10": 1.0,
  "0.45,0.50,0.05": 1.0,
  "0.45,0.55,0.00": 1.0,
  "0.50,0.00,0.50": 0.0,
  "0.50,0.05,0.45": 0.0,
  "0.50,0.10,0.40": 1.0,
  "0.50,0.15,0.35": 1.0,
  "0.50,0.20,0.30": 1.0,
  "0.50,0.25,0.25": 1.0,
  "0.50,0.30,0.20": 1.0,
  "0.50,0.35,0.15": 1.0,
  "0.50,0.40,0.10": 1.0,
  "0.50,0.45,0.05": 1.0,
  "0.50,0.50,0.00": 1.0,
  "0.55,0.00,0.45": 0.0,
  "0.55,0.05,0.40": 1.0,
  "0.55,0.10,0.35": 1.0,
  "0.55,0.15,0.30": 1.0,
  "0.55,0.20,0.25": 1.0,
  "0.55,0.25,0.20": 1.0,
  "0.55,0.30,0.15": 1.0,
  "0.55,0.35,0.10": 1.0,
  "0.55,0.40,0.05": 1.0,
  "0.55,0.45,0.00": 1.0,
  "0.60,0.00,0.40": 1.0,
  "0.60,0.05,0.35": 1.0,
  "0.60,0.10,0.30": 1.0,
  "0.60,0.15,0.25": 1.0,
  "0.60,0.20,0.20": 1.0,
  "0.60,0.25,0.15": 1.0,
  "0.60,0.30,0.10": 1.0,
  "0.60,0.35,0.05": 1.0,
  "0.60,0.40,0.00": 1.0,
  "0.65,0.00,0.35": 1.0,
  "0.65,0.05,0.30": 1.0,
  "0.65,0.10,0.25": 1.0,
  "0.65,0.15,0.20": 1.0,
  "0.65,0.20,0.15": 1.0,
  "0.65,0.25,0.10": 1.0,
  "0.65,0.30,0.05": 1.0,
  "0.65,0.35,0.00": 1.0,
  "0.70,0.00,0.30": 1.0,
  "0.70,0.05,0.25": 1.0,
  "0.70,0.10,0.20": 1.0,
  "0.70,0.15,0.15": 1.0,
  "0.70,0.20,0.10": 1.0,
  "0.70,0.25,0.05": 1.0,
  "0.70,0.30,0.00": 1.0,
  "0.75,0.00,0.25": 1.0,
  "0.75,0.05,0.20": 1.0,
  "0.75,0.10,0.15": 1.0,
  "0.75,0.15,0.10": 1.0,
  "0.75,0.20,0.05": 1.0,
  "0.75,0.25,0.00": 1.0,
  "0.80,0.00,0.20": 1.0,
  "0.80,0.05,0.15": 1.0,
  "0.80,0.10,0.10": 1.0,
  "0.80,0.15,0.05": 1.0,
  "0.80,0.20,0.00": 1.0,
  "0.85,0.00,0.15": 1.0,
  "0.85,0.05,0.10": 1.0,
  "0.85,0.10,0.05": 1.0,
  "0.85,0.15,0.00": 1.0,
  "0.90,0.00,0.10": 1.0,
  "0.90,0.05,0.05": 1.0,
  "0.90,0.10,0.00": 1.0,
  "0.95,0.00,0.05": 1.0,
  "0.95,0.05,0.00": 1.0,
  "1.00,0.00,0.00": 1.0
}